"indicator","coefficient","p_value"
"ASIR",1.07007803185619,6.26732475051134e-14
"ASPR",8.63143880155649,2.99082404235259e-14
"ASDR",0.258819112514613,1.61045925514818e-13
